"cell","PID","Cluster","Group","Cytotoxic_Effector","Exhaustion","Interferon_Response"
"S003_TCACAAGCATCGACGC-1","S003","CD8+ Tem (PRF1+)","CMV",0.772862636699335,-0.0218936363632503,-0.287333862980425
"S003_TTGGAACGTGGCAAAC-1","S003","CD8+ Tem (PRF1+)","CMV",0.805938884210417,-0.0617719291328507,0.229281223502209
"S004_AACTCTTAGTACACCT-1","S004","CD8+ Tem (PRF1+)","CMV",-0.317798736737727,-0.215674225828178,0.168270337400644
"S004_AACTCTTTCCAGATCA-1","S004","CD8+ Tem (PRF1+)","CMV",-0.496824466598788,-0.313369622124418,0.568724766013946
"S004_AAGGAGCCACAGACTT-1","S004","CD8+ Tem (PRF1+)","CMV",0.984596383764682,-0.169620156521246,0.166183530967552
"S004_ACGAGCCTCTTGAGAC-1","S004","CD8+ Tem (PRF1+)","CMV",0.301239098922564,-0.161863617983052,0.511986595395156
"S004_ACGGGCTTCACGACTA-1","S004","CD8+ Tem (PRF1+)","CMV",0.294661161168118,-0.149281074741526,0.341236776222537
"S004_AGAGTGGCATGGGACA-1","S004","CD8+ Tem (PRF1+)","CMV",0.141106641903822,-0.0258290871703513,0.414039972127069
"S004_AGGCCGTCATTAGGCT-1","S004","CD8+ Tem (PRF1+)","CMV",-0.546715565225327,0.0441726935863926,0.0345720602028547
"S004_ATAGACCCAGTCTTCC-1","S004","CD8+ Tem (PRF1+)","CMV",0.711013023045511,-0.202918373969982,0.523829789463075
"S004_ATTCTACTCTTCCTTC-1","S004","CD8+ Tem (PRF1+)","CMV",0.749142406132908,-0.0420128122531335,0.0907189023205678
"S004_CAAGTTGAGCAAATCA-1","S004","CD8+ Tem (PRF1+)","CMV",-0.465424928361917,-0.277648282735915,-0.327291395414455
"S004_CACACCTCAATGAATG-1","S004","CD8+ Tem (PRF1+)","CMV",0.541640509880612,-0.130192164031491,-0.183198148761531
"S004_CATCGGGGTCTCTCGT-1","S004","CD8+ Tem (PRF1+)","CMV",-0.0380278344511717,-0.273620012947454,0.0558805401727289
"S004_CATTCGCGTGCAACGA-1","S004","CD8+ Tem (PRF1+)","CMV",0.534572694062775,-0.0410313301668175,0.472081976414577
"S004_CCGGTAGTCACGAAGG-1","S004","CD8+ Tem (PRF1+)","CMV",0.414839376932535,-0.0564738823297153,-0.010790188847923
"S004_CCTTCCCTCTCCAGGG-1","S004","CD8+ Tem (PRF1+)","HIV",-0.182040103057556,0.0446039394411517,0.0555649582132375
"S004_CGAGCACCACTGAAGG-1","S004","CD8+ Tem (PRF1+)","HIV",0.0318135106053838,-0.152509809298161,0.133778128921963
"S004_CGTTGGGCATCCGCGA-1","S004","CD8+ Tem (PRF1+)","CMV",-0.165473941767127,0.0497602813907224,0.0238255139603321
"S004_CTCGGAGGTCAACATC-1","S004","CD8+ Tem (PRF1+)","CMV",0.923172242124692,0.0187736505719861,-0.320498861956292
"S004_CTGAAACCAATCAGAA-1","S004","CD8+ Tem (PRF1+)","CMV",0.992720826571386,-0.3392026464612,-0.0591705590152005
"S004_GACGGCTCAGACACTT-1","S004","CD8+ Tem (PRF1+)","CMV",-0.075786607091902,-0.161647431085003,0.0685953551809948
"S004_GATCGCGAGAAACCAT-1","S004","CD8+ Tem (PRF1+)","CMV",0.389844956856986,-0.252168181789276,0.32058620760534
"S004_GCCAAATAGCTAACTC-1","S004","CD8+ Tem (PRF1+)","CMV",0.973686250372681,-0.220088625212006,0.0670318455155418
"S004_GCGACCAGTTGTCGCG-1","S004","CD8+ Tem (PRF1+)","CMV",0.254627461424831,-0.0914492551699508,0.135469561732136
"S004_GGAAAGCTCTGCGTAA-1","S004","CD8+ Tem (PRF1+)","CMV",-0.0343968468202067,-0.280176049050478,-0.234473219457179
"S004_GGACAGACAGACAGGT-1","S004","CD8+ Tem (PRF1+)","CMV",0.135578632285323,-0.348088118719252,0.216310139610369
"S004_GGCGTGTTCAGTTGAC-1","S004","CD8+ Tem (PRF1+)","CMV",-0.0126912211721133,-0.119794787872622,-0.267938830097634
"S004_GGTATTGCACATGTGT-1","S004","CD8+ Tem (PRF1+)","CMV",0.50579954821207,-0.11551589689189,0.0890570805933982
"S004_GTACTCCTCCATGCTC-1","S004","CD8+ Tem (PRF1+)","CMV",1.07235187172136,-0.0431559598202586,0.16689243359616
"S004_TACGGATCAGATAATG-1","S004","CD8+ Tem (PRF1+)","CMV",0.0531051446454867,-0.189627460011398,-0.281470009345067
"S004_TACGGTAGTCTAGGTT-1","S004","CD8+ Tem (PRF1+)","CMV",0.608493099073855,-0.060418199187222,0.295308771735278
"S004_TAGAGCTAGAATAGGG-1","S004","CD8+ Tem (PRF1+)","CMV",0.282655426924589,-0.158596583932589,0.00203534862458044
"S004_TATTACCCAGATGGGT-1","S004","CD8+ Tem (PRF1+)","CMV",-0.272999801597001,-0.299090830316067,0.445720332717655
"S004_TCACAAGCACGAAACG-1","S004","CD8+ Tem (PRF1+)","CMV",1.08284606268203,-0.116245799404967,0.142869691688542
"S004_TCAGCTCAGGACACCA-1","S004","CD8+ Tem (PRF1+)","CMV",0.0183396629950872,-0.193134927647665,0.00594034506722774
"S004_TGACGGCGTTCGTCTC-1","S004","CD8+ Tem (PRF1+)","CMV",0.057950448302899,-0.134922023063364,-0.0728346775254196
"S004_TGAGCATGTATGGTTC-1","S004","CD8+ Tem (PRF1+)","CMV",-0.248709297216577,-0.060879783526264,0.345124393679414
"S004_TGCACCTGTTGTCGCG-1","S004","CD8+ Tem (PRF1+)","CMV",-0.190852234420171,-0.0528023353321602,0.0595349848820567
"S004_TGTCCCAAGACACTAA-1","S004","CD8+ Tem (PRF1+)","CMV",-1.16499294213396,-0.195694170160189,-0.237285549964371
"S004_TTGCCGTGTTTGTTGG-1","S004","CD8+ Tem (PRF1+)","CMV",-0.21729825271089,0.00151871511072443,0.299556103068281
"S004_TTGTAGGAGCAGCGTA-1","S004","CD8+ Tem (PRF1+)","CMV",-0.071041955609056,-0.0726261746129095,-0.0682244028160079
"S005_AAACCTGCATTGGTAC-1","S005","CD8+ Tem (PRF1+)","HIV",0.380591588821826,-0.0443693596171026,-0.0969088495364273
"S005_AAAGTAGTCATACGGT-1","S005","CD8+ Tem (PRF1+)","HIV",1.37745881073059,-0.15120063766566,0.0636521257373117
"S005_AACTCTTTCATTTGGG-1","S005","CD8+ Tem (PRF1+)","HIV",0.0745620174195698,-0.000445236751284495,-0.215894926243986
"S005_AAGGTTCCAGGGTACA-1","S005","CD8+ Tem (PRF1+)","HIV",0.632219872722914,-0.0572080402988569,0.024328215457781
"S005_AAGGTTCTCCGTCAAA-1","S005","CD8+ Tem (PRF1+)","CMV",1.2812190154951,0.0117385372566133,-0.0426577960736578
"S005_ACGGAGAGTACAGCAG-1","S005","CD8+ Tem (PRF1+)","HIV",0.362506195822367,0.462641161457535,-0.0869956988276916
"S005_ACGTCAAAGTACGCGA-1","S005","CD8+ Tem (PRF1+)","HIV",0.391044104590331,0.00613513422034095,-0.382313589830186
"S005_ACTGTCCTCTCAAACG-1","S005","CD8+ Tem (PRF1+)","HIV",0.501590511781547,-0.191723459070919,0.282401671380967
"S005_AGATCTGGTGGTGTAG-1","S005","CD8+ Tem (PRF1+)","HIV",1.25624803023056,-0.201516388978491,0.216872220513634
"S005_AGCTCTCAGAAACGCC-1","S005","CD8+ Tem (PRF1+)","HIV",0.627518087795111,0.098151905736382,0.254168916767975
"S005_AGGTCCGCATATACCG-1","S005","CD8+ Tem (PRF1+)","CMV",0.209396395600904,-0.128461846017212,0.413591848563001
"S005_AGGTCCGGTGACAAAT-1","S005","CD8+ Tem (PRF1+)","CMV",1.26557493996552,-0.184762023721055,0.328617689108847
"S005_AGTGTCACAGCCACCA-1","S005","CD8+ Tem (PRF1+)","HIV",0.530601870933895,-0.299013847524817,0.315830295117846
"S005_AGTTGGTCATGGTCAT-1","S005","CD8+ Tem (PRF1+)","HIV",1.17229197244991,0.522903489302252,0.257441063426471
"S005_ATAACGCGTGCTGTAT-1","S005","CD8+ Tem (PRF1+)","HIV",1.65959344007349,-0.120080542006052,0.621685845732426
"S005_ATCTGCCAGAGCCTAG-1","S005","CD8+ Tem (PRF1+)","HIV",0.496224678431675,0.0325560910819978,-0.16986540655145
"S005_ATTACTCAGCTTATCG-1","S005","CD8+ Tem (PRF1+)","HIV",0.56134611272651,-0.0741003929472872,0.00973638920051079
"S005_ATTATCCCATGCATGT-1","S005","CD8+ Tem (PRF1+)","CMV",1.10996447381206,-0.0935669973338506,-0.0200595925322122
"S005_ATTATCCGTGGTAACG-1","S005","CD8+ Tem (PRF1+)","HIV",0.723521433195893,-0.015918748662758,0.0746466963126385
"S005_ATTCTACTCCACGAAT-1","S005","CD8+ Tem (PRF1+)","CMV",-0.219523535361301,0.0289903364166039,0.210970883773832
"S005_ATTTCTGGTCAGCTAT-1","S005","CD8+ Tem (PRF1+)","CMV",0.561573536428848,-0.052440104473974,0.197231005905458
"S005_CAACCAACACAGACAG-1","S005","CD8+ Tem (PRF1+)","HIV",1.18013355339329,-0.149976187494847,0.102461978526614
"S005_CACATAGAGCGGATCA-1","S005","CD8+ Tem (PRF1+)","CMV",0.340069778978536,-0.285304968202295,0.244677833292873
"S005_CACATAGAGGCATGTG-1","S005","CD8+ Tem (PRF1+)","CMV",-0.50565655088696,-0.184782112743651,-0.0983675157558788
"S005_CACCACTCAGACGTAG-1","S005","CD8+ Tem (PRF1+)","CMV",0.567159329049165,-0.226009435587053,0.289771133488396
"S005_CACCACTTCTCCAACC-1","S005","CD8+ Tem (PRF1+)","HIV",0.148640822841339,-0.126375556896353,-0.269213529098854
"S005_CAGAGAGTCCAGGGCT-1","S005","CD8+ Tem (PRF1+)","CMV",1.47244795536358,0.274469184100528,0.349917129713784
"S005_CATCAAGCACAAGACG-1","S005","CD8+ Tem (PRF1+)","HIV",-0.099823292639446,-0.151294818602662,-0.143489639363419
"S005_CATCAAGTCTAAGCCA-1","S005","CD8+ Tem (PRF1+)","HIV",0.82619549798359,0.261888884979779,0.194101100636178
"S005_CATTCGCGTTGTGGCC-1","S005","CD8+ Tem (PRF1+)","CMV",0.4736436680784,-0.0259710835247275,-0.263090576235382
"S005_CCAATCCAGCGAGAAA-1","S005","CD8+ Tem (PRF1+)","CMV",0.290868093113665,-0.154566520245071,-0.0152192381632614
"S005_CCACGGAAGGATATAC-1","S005","CD8+ Tem (PRF1+)","CMV",1.08139871384714,-0.0177208620694208,-0.132830693201815
"S005_CCGGTAGGTATCACCA-1","S005","CD8+ Tem (PRF1+)","CMV",-0.111728856833369,-0.315459241461441,0.109849944373243
"S005_CCTTCCCTCGAGCCCA-1","S005","CD8+ Tem (PRF1+)","HIV",0.304563733315641,-0.340472131226923,-0.412879094086373
"S005_CGTCCATCACTCTGTC-1","S005","CD8+ Tem (PRF1+)","HIV",0.824574159412685,-0.143337375983069,0.11553376289969
"S005_CGTGAGCTCACTGGGC-1","S005","CD8+ Tem (PRF1+)","HIV",0.293465532110883,0.0234668666199758,0.0111172622691788
"S005_CTAAGACGTGTGGTTT-1","S005","CD8+ Tem (PRF1+)","HIV",1.25179720781761,0.186524160362295,0.152380310793924
"S005_CTACGTCCATTGGGCC-1","S005","CD8+ Tem (PRF1+)","CMV",0.0349786827512997,-0.16546369529117,-0.126103925505471
"S005_CTCCTAGAGCTACCGC-1","S005","CD8+ Tem (PRF1+)","CMV",1.06964261957025,-0.104086990756144,0.0739432079401817
"S005_CTCGGGAGTCCGTTAA-1","S005","CD8+ Tem (PRF1+)","CMV",0.726386041618653,-0.128687572725722,0.501551281469314
"S005_CTGATAGTCCCTGACT-1","S005","CD8+ Tem (PRF1+)","CMV",0.7769560473068,-0.132384691047189,0.150214198111407
"S005_CTGCCTACAGCTTAAC-1","S005","CD8+ Tem (PRF1+)","HIV",0.155057119431933,-0.359247068822088,0.0494629190880636
"S005_CTGCCTAGTTCGGGCT-1","S005","CD8+ Tem (PRF1+)","HIV",-0.149564471456121,-0.0525252587065809,-0.127767161282552
"S005_CTTAGGAAGAGCTTCT-1","S005","CD8+ Tem (PRF1+)","CMV",0.571805517816755,0.289184750101898,-0.0102727925928586
"S005_CTTAGGACAATGGTCT-1","S005","CD8+ Tem (PRF1+)","HIV",1.02908574277258,-0.327270254473681,0.324187777327972
"S005_CTTAGGATCTCTGTCG-1","S005","CD8+ Tem (PRF1+)","HIV",0.271187714865425,0.136474812438876,0.221570340876606
"S005_GAACATCTCAGGATCT-1","S005","CD8+ Tem (PRF1+)","HIV",0.150350107420125,0.205746637501511,0.36321917281956
"S005_GACCAATAGTTTGCGT-1","S005","CD8+ Tem (PRF1+)","CMV",0.726959407412298,-0.0441451706993495,0.272042048731491
"S005_GACGTTAAGACACTAA-1","S005","CD8+ Tem (PRF1+)","CMV",0.262341407864395,-0.172966795381409,0.12967305298186
"S005_GATCTAGAGTCCATAC-1","S005","CD8+ Tem (PRF1+)","CMV",0.644914174005434,-0.290913062909675,0.222610153970372
"S005_GCTGCTTAGCTACCTA-1","S005","CD8+ Tem (PRF1+)","HIV",0.32769026573978,0.0597564650674564,0.234325719412059
"S005_GCTGGGTAGATGGGTC-1","S005","CD8+ Tem (PRF1+)","CMV",0.850780442947505,-0.128893303726185,-0.0216689606616676
"S005_GGACGTCTCCCAAGTA-1","S005","CD8+ Tem (PRF1+)","HIV",0.102413811575629,-0.280437852361508,-0.0835007358753198
"S005_GGAGCAATCATAGCAC-1","S005","CD8+ Tem (PRF1+)","HIV",1.4529518588722,0.28271182726765,-0.332082980676082
"S005_GGCGTGTCATACTCTT-1","S005","CD8+ Tem (PRF1+)","CMV",0.987666076351072,0.0111048823659011,-0.0357203935495767
"S005_GGGATGACAAGAAGAG-1","S005","CD8+ Tem (PRF1+)","HIV",0.718551672297039,-0.284978195439194,0.371815161653623
"S005_GGGCATCAGTCCGGTC-1","S005","CD8+ Tem (PRF1+)","HIV",0.64288321571341,-0.175642318221574,0.115709370532858
"S005_GGTATTGGTCCATCCT-1","S005","CD8+ Tem (PRF1+)","CMV",0.803328757271823,-0.204444765834938,-0.098015972941123
"S005_GGTATTGTCGGATGGA-1","S005","CD8+ Tem (PRF1+)","HIV",1.32178947506251,0.0437862002388515,0.11384741029846
"S005_GTAGGCCTCAGTACGT-1","S005","CD8+ Tem (PRF1+)","HIV",0.827665484290314,0.0165282233839645,0.252650934021713
"S005_TAGTTGGTCTGTCCGT-1","S005","CD8+ Tem (PRF1+)","HIV",1.13944661123075,0.0758757169435224,-0.261251737511759
"S005_TATCTCATCACCAGGC-1","S005","CD8+ Tem (PRF1+)","CMV",0.00923454433993132,-0.265971747090822,0.0160089418867273
"S005_TATGCCCGTCTTGCGG-1","S005","CD8+ Tem (PRF1+)","CMV",0.0866568122344191,-0.0493739664695891,-0.0535008337822839
"S005_TCAATCTAGTCGAGTG-1","S005","CD8+ Tem (PRF1+)","HIV",0.451948723415629,-0.00721342393866586,0.154845109927435
"S005_TCAATCTCAAGTACCT-1","S005","CD8+ Tem (PRF1+)","HIV",0.783698215255795,0.219788197414388,-0.278503105814478
"S005_TCACAAGCACGGACAA-1","S005","CD8+ Tem (PRF1+)","HIV",0.079036758377806,0.099273439005587,0.063852874357982
"S005_TCCCGATCAAGTACCT-1","S005","CD8+ Tem (PRF1+)","HIV",0.720934694182219,-0.160223414495363,-0.186042483761484
"S005_TCGGTAAAGCTTTGGT-1","S005","CD8+ Tem (PRF1+)","HIV",0.773254457951858,-0.0259815666055231,0.0983701184088407
"S005_TCGGTAATCGGCGGTT-1","S005","CD8+ Tem (PRF1+)","HIV",1.46076261915906,0.0727202492990499,0.293209225836875
"S005_TCTCTAACAATGGAAT-1","S005","CD8+ Tem (PRF1+)","HIV",-0.00561803167855679,0.00524224007624391,-0.0868123561912624
"S005_TCTGAGAAGTTGAGTA-1","S005","CD8+ Tem (PRF1+)","HIV",1.40889411588178,0.0798420418873633,0.0272566307350567
"S005_TGAGCATGTTCGTCTC-1","S005","CD8+ Tem (PRF1+)","CMV",0.630745331876172,0.00295431958560838,-0.0324263899693596
"S005_TGCACCTAGAGTAAGG-1","S005","CD8+ Tem (PRF1+)","HIV",1.0605547184645,0.478791168895875,0.530437177922016
"S005_TGCCCTATCTCGCTTG-1","S005","CD8+ Tem (PRF1+)","HIV",1.35301727354511,-0.0987896545270675,0.0981786586876741
"S005_TGCGCAGTCTGGTGTA-1","S005","CD8+ Tem (PRF1+)","HIV",0.873945491844358,0.24386754095689,0.291544189202059
"S005_TGCTACCGTTCTGGTA-1","S005","CD8+ Tem (PRF1+)","HIV",-0.69657366002509,-0.0528735820202943,-0.284953628684813
"S005_TGGCTGGGTAGGCATG-1","S005","CD8+ Tem (PRF1+)","HIV",-0.224421451033165,-0.310275416744998,-0.232696786832022
"S005_TGTGTTTAGCGCCTCA-1","S005","CD8+ Tem (PRF1+)","HIV",0.0821238766483821,-0.167168522772042,-0.168715692874941
"S005_TTAACTCTCGGCGCAT-1","S005","CD8+ Tem (PRF1+)","CMV",1.24785123035558,-0.345944735436352,-0.206153256045862
"S005_TTAGGACCATGCAACT-1","S005","CD8+ Tem (PRF1+)","HIV",0.686143263892258,-0.205713729353566,0.174330426978314
"S005_TTCTCAATCCACGCAG-1","S005","CD8+ Tem (PRF1+)","HIV",1.26671186025318,0.149745585971372,-0.238292920329942
"S005_TTCTTAGTCTGTTGAG-1","S005","CD8+ Tem (PRF1+)","CMV",0.375627470014078,-0.0885594066340108,0.123268181420676
"S005_TTGGAACCAGTGGAGT-1","S005","CD8+ Tem (PRF1+)","CMV",-0.300332413682241,-0.0340096128999532,-0.0828812471865304
"S005_TTGGCAATCTTAGAGC-1","S005","CD8+ Tem (PRF1+)","HIV",0.399213401654739,0.0311519378865022,-0.1051204379165
"S005_TTTGGTTTCGGAGCAA-1","S005","CD8+ Tem (PRF1+)","HIV",-0.572344801291068,0.0106319429043666,-0.140847851655166
"S007_AAAGTAGCAATGGATA-1","S007","CD8+ Tem (PRF1+)","CMV",0.878217977183452,-0.168898562085239,0.266203642014686
"S007_ACCTTTAAGTGTACCT-1","S007","CD8+ Tem (PRF1+)","HIV",-0.304754437302021,-0.0283980070571618,-0.0756311203374074
"S007_CACAGGCAGGGTCGAT-1","S007","CD8+ Tem (PRF1+)","CMV",0.243291052608826,0.675482288917729,-0.150934992960112
"S007_CAGGTGCAGATCCGAG-1","S007","CD8+ Tem (PRF1+)","HIV",0.31315258466558,-0.188580022885369,0.0736334610675923
"S007_CCTTCCCTCCCAAGAT-1","S007","CD8+ Tem (PRF1+)","HIV",0.192697969648887,0.0411999715394292,0.233444982558222
"S007_CGCCAAGTCTCGGACG-1","S007","CD8+ Tem (PRF1+)","HIV",-0.242376766376094,-0.101122918299068,0.0265274257296009
"S007_CGCTTCAGTTCGTCTC-1","S007","CD8+ Tem (PRF1+)","HIV",0.0709414285304573,-0.299251032897673,0.0829824779425132
"S007_CTCAGAATCCCAAGAT-1","S007","CD8+ Tem (PRF1+)","HIV",-0.158481522585077,-0.0539822921900441,-0.0781361294863054
"S007_GCATGATCAATACGCT-1","S007","CD8+ Tem (PRF1+)","CMV",-0.59029808495748,-0.312417162592058,-0.314196704829647
"S007_GCCTCTAAGGAGCGAG-1","S007","CD8+ Tem (PRF1+)","CMV",1.06535190524083,0.136620286902798,0.240372665154432
"S007_GTTACAGCACATCCAA-1","S007","CD8+ Tem (PRF1+)","HIV",1.19795839045911,0.0566015624063893,0.417738303990624
"S007_TACACGACATCACGTA-1","S007","CD8+ Tem (PRF1+)","CMV",0.497446115260824,0.188540950339309,0.195723161725589
"S007_TACCTATCATGACATC-1","S007","CD8+ Tem (PRF1+)","CMV",0.742251447060812,0.0988334346476863,0.072773524086474
"S007_TACTCGCAGACTTGAA-1","S007","CD8+ Tem (PRF1+)","HIV",-0.0937349609330766,-0.10413734859845,0.13801897790584
"S007_TGAGGGACAGCGATCC-1","S007","CD8+ Tem (PRF1+)","HIV",0.211647557577542,-0.323935846844535,0.215246398267143
"S007_TGTTCCGTCTGCTGTC-1","S007","CD8+ Tem (PRF1+)","CMV",1.00445250086295,0.391285441503729,0.233927263089099
"S007_TTATGCTCAAGCTGTT-1","S007","CD8+ Tem (PRF1+)","HIV",0.114745228832056,-0.180325839724415,-0.0644649105922279
"S007_TTCGGTCCAGGGCATA-1","S007","CD8+ Tem (PRF1+)","CMV",1.36695827957685,0.11756266710713,0.207400182669635
"S008_CGAGAAGGTAGGAGTC-1","S008","CD8+ Tem (PRF1+)","CMV",-0.322880356369673,-0.208168675499464,-0.0575590744071128
"S010_TGTTCCGGTGATGTGG-1","S010","CD8+ Tem (PRF1+)","CMV",-0.652473264418396,-0.317042203819976,0.0114145067700659
